MAC-Adresse;Name;Abteilung
12:F4:8D:E3:F7:03;Susanne Schulte;Vertrieb
12:F4:8D:12:F4:13;Marc Zacharias;IT
12:F4:8D:33:77:F3;Leonie Reinhild;IT
12:Z4:8D_E3:F7:04;Thomas Müller;Entwicklung
12:F4:8D:E3:F7:05;Pascal Schäfer;Vertrieb
12:F4:ZD:F3:FA:06;Guido Westermann;IT
12:55:ED:E3:f7:07;Mareike Otto;IT
11:F4:8D:E3:f7:08;Friedrich Zaun;IT
12:F4:8D:E3:F7:03;Foster Hampshaw;Entwicklung
12:F4:8D:12:F4:13;Elsinore Van der Velde;IT
12:F4:8D:33.77:F3;Tammie De Angelo;IT
12:Z4:8D_E3:F7:04;Elsinore Van der Velde;IT
12:E4:8D:E3:F7:05;Cecelia Curmi;Entwicklung
12:F4:ZD:F3:FA:06;Garek Dudding;Vertrieb
12:55:BD:83:f4:07;Cornelius Habishaw;Vertrieb
11:F4:8D:E3:f7:08;Lindy Gludor;Vertrieb
12:F4:ID:E3:F7:03;Lindy Gludor;Entwicklung
11:F4:8D:12:F4:13;Caesar Kift;Vertrieb
12:F3:8a:32:79:F3;Foster Hampshaw;Vertrieb
12:Z4:8D_E3:F7:04;Nanette Brogan;Vertrieb
12:F4:8D:E3:F7:05;Aldwin Padberry;Entwicklung
12:F4:ZD:F3:QA:06;Arthur Marvin;Entwicklung
12:ED:E3:f7:07;Tammie De Angelo;Entwicklung
11_F4:8D_E3:f7:08;Guglielmo Duguid;Vertrieb
